Sender	Receiver	Metabolite	Metabolite_Name	Sensor	Annotation	Commu_Score	Norm_Commu_Score	met_in_sender	sensor_in_receiver	metabolite_prop_in_sender	sensor_prop_in_receiver	ttest_stat	ttest_pval	permutation_test_stat	permutation_test_pval	ttest_fdr	permutation_test_fdr	sender_transport_flux	receiver_transport_flux	Flux_PASS
CD4Tconv	Malignant	HMDB0000012	Deoxyuridine	SLC29A2	Transporter	0.06032262731581159	1.2064525463162317	0.5370024800300598	0.11233212053775787	0.4	0.15476190476190477	-6.961147387251638	3.0527369378144175e-12	0.0	0.0	7.301720791958438e-10	0.0	120.38585983119695	3.045365671591629	PASS
CD4Tconv	Malignant	HMDB0000517	L-Arginine	SLC7A1	Transporter	0.07835902937634717	1.5671805875269433	0.34197597613674596	0.22913606464862823	0.3	0.4880952380952381	-6.080474364541814	8.517738237518644e-10	0.0	0.0	1.6323901448362595e-07	0.0	84.51698366797258	2.744840809305656	PASS
CD4Tconv	Malignant	HMDB0001120	Dimethylallylpyrophosphate	MVK	Enzyme	0.04118575036734856	0.8237150073469712	0.24993639932945372	0.16478492319583893	0.4	0.2619047619047619	-3.0050426470403195	0.001360862369977441	3.0	0.003	0.08339505149087179	0.026706578188113096	39.421128048140815	3.543261850984622	PASS
CD4Tconv	Myofibroblasts	HMDB0000517	L-Arginine	SLC7A2	Transporter	0.12824144967680276	2.564828993536055	0.34197597613674596	0.37500134110450745	0.3	0.40625	-17.83372372821347	2.8263243314262545e-62	0.0	0.0	4.360311862307854e-59	0.0	84.51698366797258	2.739060705453537	PASS
CD8T	Malignant	HMDB0000012	Deoxyuridine	SLC29A2	Transporter	0.033177057696456985	0.6635411539291397	0.29534791596233845	0.11233212053775787	0.3125	0.15476190476190477	-5.198926390119609	1.2152596753028737e-07	0.0	0.0	1.8158274712576354e-05	0.0	122.50509497146982	3.045365671591629	PASS
CD8T	Malignant	HMDB0000157	Hypoxanthine	SLC29A2	Transporter	0.044765225529760824	0.8953045105952164	0.39850779381231405	0.11233212053775787	0.3125	0.15476190476190477	-4.041548158739442	2.8588694875625124e-05	0.0	0.0	0.002735206760891204	0.0	108.1994021176769	2.869636082178426	PASS
CD8T	Malignant	HMDB0000296	Uridine	SLC29A2	Transporter	0.01298112533740103	0.25962250674802057	0.11556022689910606	0.11233212053775787	0.5	0.15476190476190477	-4.897557912393307	5.656069419678258e-07	0.0	0.0	7.571280778489051e-05	0.0	120.66781770417509	3.1674593379357217	PASS
CD8T	Myofibroblasts	HMDB0000296	Uridine	SLC29A1	Transporter	0.04340478056917314	0.8680956113834628	0.11556022689910606	0.3756031095981598	0.5	0.3125	-3.3150547812451174	0.0004746019127648263	2.0	0.002	0.033858594262101076	0.019826506024096385	120.66781770417509	3.1970280057537117	PASS
CD8Tex	Malignant	HMDB0000012	Deoxyuridine	SLC29A2	Transporter	0.04927625743409071	0.9855251486818142	0.4386657814184824	0.11233212053775787	0.5333333333333333	0.15476190476190477	-6.748261443739964	1.2656974367802768e-11	0.0	0.0	2.8953020143264613e-09	0.0	121.00873999063907	3.045365671591629	PASS
CD8Tex	Malignant	HMDB0000296	Uridine	SLC29A1	Transporter	0.044645691432990235	0.8929138286598046	0.16507564491281906	0.2704559564590454	0.7333333333333333	0.32142857142857145	-3.516688488249666	0.00022830292261514826	0.0	0.0	0.017265408522770587	0.0	118.89238469596779	3.1674593379357217	PASS
CD8Tex	Malignant	HMDB0000296	Uridine	SLC29A2	Transporter	0.018543297242194907	0.3708659448438981	0.16507564491281906	0.11233212053775787	0.7333333333333333	0.15476190476190477	-6.959991340079586	3.0767236013719585e-12	0.0	0.0	7.330680055624075e-10	0.0	118.89238469596779	3.1674593379357217	PASS
CD8Tex	Myofibroblasts	HMDB0000296	Uridine	SLC29A1	Transporter	0.06200292554817649	1.2400585109635298	0.16507564491281906	0.3756031095981598	0.7333333333333333	0.3125	-4.488727263088309	3.999280865941998e-06	1.0	0.001	0.00045702893006903833	0.011412983169964861	118.89238469596779	3.1970280057537117	PASS
Fibroblasts	CD4Tconv	HMDB0000097	Choline	SLC22A5	Transporter	0.01763851886499378	0.3527703772998756	0.06831467615697404	0.258195161819458	0.6551724137931034	0.2	-4.538647943389305	3.175097106732174e-06	6.0	0.006	0.0003676083348150891	0.04359076995526254	130.58463588709188	2.87005439779476	PASS
Fibroblasts	CD4Tconv	HMDB0000169	D-Mannose	SLC2A3	Transporter	0.08807350185687164	1.7614700371374328	0.08262044538197845	1.066001296043396	0.6206896551724138	0.5	-3.767998810929553	8.709569440746041e-05	1.0	0.001	0.007272902979545849	0.011412983169964861	151.73963767283036	2.9497800291634055	PASS
Fibroblasts	CD8T	HMDB0000169	D-Mannose	SLC2A3	Transporter	0.13002536546793958	2.6005073093587914	0.08262044538197845	1.5737674236297607	0.6206896551724138	0.6875	-5.541610692654761	1.9168586105982564e-08	0.0	0.0	3.2056733024395233e-06	0.0	151.73963767283036	3.0345645125655407	PASS
Fibroblasts	CD8T	HMDB0000641	L-Glutamine	SLC38A1	Transporter	0.7463535147021877	3.8010593204281022	0.7183933561097766	1.0389204025268555	0.7241379310344828	0.625	-6.425714594005095	1.0141734315893825e-10	0.0	0.0	2.11434602916827e-08	0.0	86.78972520409312	3.1806525363403537	PASS
Fibroblasts	CD8Tex	HMDB0000169	D-Mannose	SLC2A3	Transporter	0.06200243076427601	1.2400486152855201	0.08262044538197845	0.750449001789093	0.6206896551724138	0.4666666666666667	-2.8782278667009478	0.0020421954602983686	2.0	0.002	0.11777932883646011	0.019826506024096385	151.73963767283036	2.9847320858380844	PASS
Fibroblasts	CD8Tex	HMDB0000641	L-Glutamine	SLC38A1	Transporter	0.7534892265641718	3.7830748797741127	0.7183933561097766	1.0488532781600952	0.7241379310344828	0.7333333333333333	-6.166464631397782	5.062047506968161e-10	0.0	0.0	9.854225604258838e-08	0.0	86.78972520409312	3.1671057964063474	PASS
Fibroblasts	Fibroblasts	HMDB0000060	Acetoacetic acid	SLC16A3	Transporter	0.022054941978704407	0.44109883957408813	0.08275377787930634	0.26651281118392944	0.5172413793103449	0.1724137931034483	-3.672200716358522	0.00012660886679201672	2.0	0.002	0.010253324369731434	0.019826506024096385	130.60528792800054	3.117848719522753	PASS
Fibroblasts	Fibroblasts	HMDB0000169	D-Mannose	SLC2A3	Transporter	0.053444999160483966	1.0688999832096793	0.08262044538197845	0.6468737721443176	0.6206896551724138	0.5862068965517241	-2.8330933372873375	0.0023513686366756375	2.0	0.002	0.1326352454929192	0.019826506024096385	151.73963767283036	3.1153012461440324	PASS
Fibroblasts	Malignant	HMDB0000014	Deoxycytidine	SLC29A2	Transporter	0.015112161612806251	0.302243232256125	0.1345310810519832	0.11233212053775787	0.6206896551724138	0.15476190476190477	-4.83167050968146	7.831104559374178e-07	0.0	0.0	0.00010067863799145428	0.0	109.77789128233071	3.7824548272257936	PASS
Fibroblasts	Malignant	HMDB0000060	Acetoacetic acid	SLC16A1	Transporter	0.03288481170360231	0.6576962340720461	0.08275377787930634	0.39738139510154724	0.5172413793103449	0.5595238095238095	-2.5058282245993087	0.006187294559435619	5.0	0.005	0.29484011371642627	0.03831015644400298	130.60528792800054	3.074565379128289	PASS
Fibroblasts	Malignant	HMDB0000089	Cytidine	SLC29A2	Transporter	0.006320959548483879	0.12641919096967758	0.056270277087480364	0.11233212053775787	0.5172413793103449	0.15476190476190477	-3.703642656018425	0.00011208276703328735	0.0	0.0	0.009161096097515446	0.0	108.60167893202227	3.0003475174260674	PASS
Fibroblasts	Malignant	HMDB0000112	gamma-Aminobutyric acid	SLC6A11	Transporter	0.022441115857325198	0.44882231714650395	0.42277547370257046	0.05308045819401741	0.9310344827586207	0.16666666666666666	-4.263940187302292	1.0994763966236159e-05	0.0	0.0	0.0011340737162781052	0.0	146.20126793849334	2.715862704615359	PASS
Fibroblasts	Malignant	HMDB0000112	gamma-Aminobutyric acid	SLC6A8	Transporter	0.04213141678443075	0.842628335688615	0.42277547370257046	0.09965435415506363	0.9310344827586207	0.30952380952380953	-3.2830807397376933	0.0005312009962628767	0.0	0.0	0.03729284809941083	0.0	146.20126793849334	2.715862704615359	PASS
Fibroblasts	Malignant	HMDB0000132	Guanine	SLC29A2	Transporter	0.054003137617644296	1.0800627523528858	0.480745287804768	0.11233212053775787	0.6896551724137931	0.15476190476190477	-3.005828491611189	0.0013573823300336936	0.0	0.0	0.08326447672602309	0.0	96.7792205302911	3.2321705371460205	PASS
Fibroblasts	Malignant	HMDB0000169	D-Mannose	SLC2A1	Transporter	0.13822682016144558	2.7645364032289113	0.08262044538197845	1.6730340719223022	0.6206896551724138	0.8928571428571429	-4.599995013814511	2.3837251299470956e-06	0.0	0.0	0.00028507689490123113	0.0	151.73963767283036	2.993413924305986	PASS
Fibroblasts	Malignant	HMDB0000262	Thymine	SLC29A2	Transporter	0.05043395865492465	1.008679173098493	0.44897183827285114	0.11233212053775787	0.6206896551724138	0.15476190476190477	-5.3444193580329395	5.6190302318675546e-08	0.0	0.0	8.778490015406249e-06	0.0	122.86687617231898	3.8599646380077797	PASS
Fibroblasts	Malignant	HMDB0000300	Uracil	SLC29A2	Transporter	0.025683556815310097	0.5136711363062019	0.22863947277374824	0.11233212053775787	0.7586206896551724	0.15476190476190477	-3.670578057352734	0.00012740454925487337	0.0	0.0	0.010290752270311827	0.0	119.32443165664895	2.9244658615990313	PASS
Fibroblasts	Malignant	HMDB0000641	L-Glutamine	SLC1A5	Transporter	0.5911399420899419	2.005343424631211	0.7183933561097766	0.8228638768196106	0.7241379310344828	0.6904761904761905	-5.308309580013629	6.816623103397288e-08	0.0	0.0	1.0542702047885881e-05	0.0	86.78972520409312	3.1849703737053736	PASS
Fibroblasts	Malignant	HMDB0000641	L-Glutamine	SLC3A2	Transporter	1.5754409680861101	1.575542012374496	0.7183933561097766	2.1930060386657715	0.7241379310344828	0.9404761904761905	-3.551628164234472	0.00020036096043336108	0.0	0.0	0.015397602575769257	0.0	86.78972520409312	3.1849703737053736	PASS
Fibroblasts	Malignant	HMDB0000641	L-Glutamine	SLC7A5	Transporter	0.35659337600099533	1.7002085696395737	0.7183933561097766	0.4963762164115906	0.7241379310344828	0.5714285714285714	-3.3578358713950918	0.00040759951554714217	0.0	0.0	0.029384306196745494	0.0	86.78972520409312	3.1849703737053736	PASS
Fibroblasts	Malignant	HMDB0003080	Leukotriene D4	KCNJ5	Channel	0.005676306719947419	0.11352613439894838	0.23766117803110137	0.023884030058979988	0.5517241379310345	0.3333333333333333	-5.402911865370576	4.098983175593344e-08	0.0	0.0	6.570084461451046e-06	0.0	27.275814856922622	2.8081066500438583	PASS
Fibroblasts	Myofibroblasts	HMDB0000089	Cytidine	SLC29A1	Transporter	0.021135291052007708	0.42270582104015414	0.056270277087480364	0.3756031095981598	0.5172413793103449	0.3125	-2.7562195976971986	0.0029769151055160817	4.0	0.004	0.16185500542854395	0.03287255293647623	108.60167893202227	3.0762620972135477	PASS
Fibroblasts	Myofibroblasts	HMDB0000169	D-Mannose	SLC2A3	Transporter	0.04918386897055474	0.9836773794110948	0.08262044538197845	0.5952990055084229	0.6206896551724138	0.53125	-2.5975433808020223	0.004763714013660396	3.0	0.003	0.2377591517502719	0.026706578188113096	151.73963767283036	3.0558272532249946	PASS
Malignant	CD4Tconv	HMDB0000097	Choline	SLC22A5	Transporter	0.012882023656387298	0.25764047312774596	0.049892583445831584	0.258195161819458	0.5	0.2	-4.958598449231471	4.1695965725969916e-07	6.0	0.006	5.736377013385581e-05	0.04359076995526254	129.57904615430792	2.87005439779476	PASS
Malignant	CD8T	HMDB0000187	L-Serine	SLC3A2	Transporter	0.11021503443642611	2.204300688728522	0.07875429714165094	1.399479627609253	0.5952380952380952	0.625	-2.789985083987112	0.002685671264530594	5.0	0.005	0.14890635555631893	0.03831015644400298	103.39248475448925	3.344176281338401	PASS
Malignant	CD8T	HMDB0000641	L-Glutamine	SLC38A1	Transporter	0.8122357506465147	4.1550785014257805	0.7818074884957501	1.0389204025268555	0.8690476190476191	0.625	-7.337973358369578	2.2421563131242064e-13	0.0	0.0	5.887807067357225e-11	0.0	84.92390820818957	3.1806525363403537	PASS
Malignant	CD8Tex	HMDB0000112	gamma-Aminobutyric acid	SLC6A6	Transporter	0.1393553230482167	2.787106460964334	0.4915359337769803	0.2835099399089813	0.9642857142857143	0.26666666666666666	-3.6547330721412568	0.0001354249685194942	2.0	0.002	0.010839266935587531	0.019826506024096385	144.25674074021333	2.729029073900229	PASS
Malignant	CD8Tex	HMDB0000187	L-Serine	SLC1A5	Transporter	0.05128735631718966	1.0257471263437932	0.07875429714165094	0.6512324810028076	0.5952380952380952	0.3333333333333333	-4.732639882184274	1.2677442398202165e-06	0.0	0.0	0.00015752149515839737	0.0	103.39248475448925	3.323194279322824	PASS
Malignant	CD8Tex	HMDB0000187	L-Serine	SLC3A2	Transporter	0.11692297219259473	2.3384594438518946	0.07875429714165094	1.4846551418304443	0.5952380952380952	0.6666666666666666	-2.978483730048223	0.0014833865734264066	6.0	0.006	0.08990243752567458	0.04359076995526254	103.39248475448925	3.323194279322824	PASS
Malignant	CD8Tex	HMDB0000641	L-Glutamine	SLC38A1	Transporter	0.8200013471988784	4.1649059127320545	0.7818074884957501	1.0488532781600952	0.8690476190476191	0.7333333333333333	-7.547688847105085	4.9798615056270543e-14	0.0	0.0	1.422718766260396e-11	0.0	84.92390820818957	3.1671057964063474	PASS
Malignant	Fibroblasts	HMDB0000641	L-Glutamine	SLC38A2	Transporter	1.009552529062986	1.5815959521762786	0.7818074884957501	1.2913057804107666	0.8690476190476191	0.896551724137931	-3.7169726089258863	0.00010641025272235199	0.0	0.0	0.008720553380473228	0.0	84.92390820818957	3.2035072238698152	PASS
Malignant	Fibroblasts	HMDB0001032	Dehydroepiandrosterone sulfate	PPARA	Nuclear Receptor	0.014015543175911244	0.2803108635182249	0.22358834273403594	0.06268458813428879	0.19047619047619047	0.20689655172413793	-6.491601232147729	6.678027167292364e-11	0.0	0.0	1.4259552127806635e-08	0.0	110.04925844148553	3.646916505762094	PASS
Malignant	Malignant	HMDB0000112	gamma-Aminobutyric acid	SLC6A11	Transporter	0.026090952583706313	0.5218190516741262	0.4915359337769803	0.05308045819401741	0.9642857142857143	0.16666666666666666	-5.36141398478497	5.128579446190442e-08	0.0	0.0	8.094236256378828e-06	0.0	144.25674074021333	2.715862704615359	PASS
Malignant	Malignant	HMDB0000112	gamma-Aminobutyric acid	SLC6A8	Transporter	0.0489836960245511	0.9796739204910219	0.4915359337769803	0.09965435415506363	0.9642857142857143	0.30952380952380953	-4.304254632281718	9.201848049971551e-06	0.0	0.0	0.0009690205514739667	0.0	144.25674074021333	2.715862704615359	PASS
Malignant	Malignant	HMDB0000132	Guanine	SLC29A2	Transporter	0.07397546757686041	1.4795093515372082	0.6585424295626578	0.11233212053775787	0.9285714285714286	0.15476190476190477	-5.008754985111264	3.237434451109817e-07	0.0	0.0	4.5508446464233895e-05	0.0	95.12298056139844	3.2321705371460205	PASS
Malignant	Malignant	HMDB0000157	Hypoxanthine	SLC29A2	Transporter	0.0348780335880995	0.69756067176199	0.3104902980655123	0.11233212053775787	0.5952380952380952	0.15476190476190477	-3.407491094616921	0.0003408906324990921	0.0	0.0	0.02495416480607233	0.0	107.87133393687589	2.869636082178426	PASS
Malignant	Malignant	HMDB0000187	L-Serine	SLC1A4	Transporter	0.009574673796636955	0.19149347593273908	0.07875429714165094	0.12157652527093887	0.5952380952380952	0.2261904761904762	-4.451326303069377	4.747137838198287e-06	1.0	0.001	0.0005355500475232474	0.011412983169964861	103.39248475448925	3.352637346466628	PASS
Malignant	Malignant	HMDB0000187	L-Serine	SLC1A5	Transporter	0.06480406626218248	1.2960813252436494	0.07875429714165094	0.8228638768196106	0.5952380952380952	0.6904761904761905	-6.273206895037901	2.629706166814764e-10	0.0	0.0	5.268804141368152e-08	0.0	103.39248475448925	3.352637346466628	PASS
Malignant	Malignant	HMDB0000187	L-Serine	SLC3A2	Transporter	0.17270864920251902	3.45417298405038	0.07875429714165094	2.1930060386657715	0.5952380952380952	0.9404761904761905	-4.958399274109556	4.173769695365623e-07	0.0	0.0	5.736377013385581e-05	0.0	103.39248475448925	3.352637346466628	PASS
Malignant	Malignant	HMDB0000207	Oleic acid	PLD2	Enzyme	0.025079530360055453	0.501590607201109	0.16201449975432342	0.15479806065559387	0.8333333333333334	0.2857142857142857	-7.417449379455294	1.2731975829983135e-13	0.0	0.0	3.401256400295495e-11	0.0	130.91392568915745	3.451559390948589	PASS
Malignant	Malignant	HMDB0000262	Thymine	SLC29A2	Transporter	0.03657495122167025	0.731499024433405	0.32559655285218636	0.11233212053775787	0.5714285714285714	0.15476190476190477	-4.034369104707043	2.9462351168636156e-05	0.0	0.0	0.0028014201704415057	0.0	120.896261075088	3.8599646380077797	PASS
Malignant	Malignant	HMDB0000300	Uracil	SLC29A2	Transporter	0.024139961219573687	0.4827992243914737	0.21489811733287445	0.11233212053775787	0.7738095238095238	0.15476190476190477	-3.7765104923864516	8.42144633526716e-05	0.0	0.0	0.007070577596589611	0.0	117.23845002093393	2.9244658615990313	PASS
Malignant	Malignant	HMDB0000641	L-Glutamine	SLC1A5	Transporter	0.6433211409102161	2.1895216317230486	0.7818074884957501	0.8228638768196106	0.8690476190476191	0.6904761904761905	-7.138637911947933	9.057411102626805e-13	0.0	0.0	2.2628859884336037e-10	0.0	84.92390820818957	3.1849703737053736	PASS
Malignant	Malignant	HMDB0000641	L-Glutamine	SLC38A7	Transporter	0.08083954626343348	1.6167909252686696	0.7818074884957501	0.1034008339047432	0.8690476190476191	0.15476190476190477	-2.884673234140614	0.0020011951423506884	4.0	0.004	0.11563085415211702	0.03287255293647623	84.92390820818957	3.1849703737053736	PASS
Malignant	Malignant	HMDB0000641	L-Glutamine	SLC3A2	Transporter	1.7145085433453007	1.7258480353385688	0.7818074884957501	2.1930060386657715	0.8690476190476191	0.9404761904761905	-6.716258770858193	1.562177946535448e-11	0.0	0.0	3.5312088307949634e-09	0.0	84.92390820818957	3.1849703737053736	PASS
Malignant	Malignant	HMDB0000641	L-Glutamine	SLC7A5	Transporter	0.3880706431017686	1.8606423442608384	0.7818074884957501	0.4963762164115906	0.8690476190476191	0.5714285714285714	-4.928175139200967	4.855960818471257e-07	0.0	0.0	6.585963562810139e-05	0.0	84.92390820818957	3.1849703737053736	PASS
Malignant	Malignant	HMDB0000961	Farnesyl pyrophosphate	MVK	Enzyme	0.05883514778085389	1.1767029556170778	0.35704205603161376	0.16478492319583893	0.7380952380952381	0.2619047619047619	-3.191001979043356	0.0007310071725010033	2.0	0.002	0.04861040152482426	0.019826506024096385	67.74006523632904	7.478468989315619	PASS
Malignant	Malignant	HMDB0001285	Geranyl-PP	MVK	Enzyme	0.024771168358827762	0.4954233671765552	0.1503242400968226	0.16478492319583893	0.6785714285714286	0.2619047619047619	-2.9018801517270885	0.0018953783485555207	7.0	0.007	0.11076117224371324	0.04859601754978063	55.84668897407513	9.184792795232935	PASS
Malignant	Malignant	HMDB0001347	Isopentenyl pyrophosphate	FDPS	Enzyme	0.1737374109510279	3.4649054915749367	0.171075852870542	1.0155577659606934	0.4166666666666667	0.7023809523809523	-3.205667723383035	0.0006951191265690755	0.0	0.0	0.04671095003104968	0.0	39.86426483320812	3.4629817165361216	PASS
Malignant	Malignant	HMDB0001347	Isopentenyl pyrophosphate	MVK	Enzyme	0.028190721275934905	0.5638144255186981	0.171075852870542	0.16478492319583893	0.4166666666666667	0.2619047619047619	-3.0206748385136297	0.0012931482813494754	6.0	0.006	0.07980018044207612	0.04359076995526254	39.86426483320812	3.4629817165361216	PASS
Malignant	Myofibroblasts	HMDB0000641	L-Glutamine	SLC38A2	Transporter	1.0850757351864069	1.6923285635937264	0.7818074884957501	1.387906551361084	0.8690476190476191	0.9375	-4.557963248700831	2.90212647113888e-06	0.0	0.0	0.00033982964807206887	0.0	84.92390820818957	3.1902803714202754	PASS
Myofibroblasts	CD8T	HMDB0000169	D-Mannose	SLC2A3	Transporter	0.04975623857783635	0.995124771556727	0.03161600490057026	1.5737674236297607	0.40625	0.6875	-2.764582435918892	0.0029022409729887585	2.0	0.002	0.15877419365526266	0.019826506024096385	149.9244163683615	3.0345645125655407	PASS
Myofibroblasts	CD8T	HMDB0000641	L-Glutamine	SLC38A1	Transporter	0.5939211143680978	3.0303561379346027	0.5716714321170002	1.0389204025268555	0.84375	0.625	-4.617372715225953	2.196450956997232e-06	0.0	0.0	0.0002642163519615968	0.0	85.58826260470201	3.1806525363403537	PASS
Myofibroblasts	CD8Tex	HMDB0000641	L-Glutamine	SLC38A1	Transporter	0.599599455606392	3.044405185837795	0.5716714321170002	1.0488532781600952	0.84375	0.7333333333333333	-4.748374849497695	1.175022150428055e-06	0.0	0.0	0.00014767946416072356	0.0	85.58826260470201	3.1671057964063474	PASS
Myofibroblasts	Fibroblasts	HMDB0000011	3-Hydroxybutyric acid	SLC16A3	Transporter	0.028180411739517935	0.5636082347903587	0.10573755015502684	0.26651281118392944	0.21875	0.1724137931034483	-3.942166102465168	4.3188432245742394e-05	3.0	0.003	0.003920073163723825	0.026706578188113096	124.24028887122937	3.013152486360918	PASS
Myofibroblasts	Fibroblasts	HMDB0000060	Acetoacetic acid	SLC16A3	Transporter	0.018059523625955178	0.3611904725191035	0.06776230960804241	0.26651281118392944	0.40625	0.1724137931034483	-3.1487127483372817	0.0008442866153221684	4.0	0.004	0.055133256118022236	0.03287255293647623	129.04648791170914	3.117848719522753	PASS
Myofibroblasts	Malignant	HMDB0000011	3-Hydroxybutyric acid	SLC16A1	Transporter	0.04201813519522439	0.8403627039044878	0.10573755015502684	0.39738139510154724	0.21875	0.5595238095238095	-2.9307705337376118	0.0017291077177798225	3.0	0.003	0.10269801469123468	0.026706578188113096	124.24028887122937	2.997170113535051	PASS
Myofibroblasts	Malignant	HMDB0000014	Deoxycytidine	SLC29A2	Transporter	0.007009736456583946	0.1401947291316789	0.06240188846277306	0.11233212053775787	0.3125	0.15476190476190477	-2.9694705788641005	0.0015272053062645268	0.0	0.0	0.09212496524886016	0.0	108.78609366808837	3.7824548272257936	PASS
Myofibroblasts	Malignant	HMDB0000089	Cytidine	SLC29A1	Transporter	0.013803564650689779	0.27607129301379557	0.051038124031038024	0.2704559564590454	0.34375	0.32142857142857145	-2.3254127926781933	0.01012470023981916	7.0	0.007	0.43448904853911013	0.04859601754978063	107.41340595470005	3.0003475174260674	PASS
Myofibroblasts	Malignant	HMDB0000089	Cytidine	SLC29A2	Transporter	0.0057332207006756	0.11466441401351199	0.051038124031038024	0.11233212053775787	0.34375	0.15476190476190477	-3.6739563970123736	0.0001257532142899518	0.0	0.0	0.010197412422907918	0.0	107.41340595470005	3.0003475174260674	PASS
Myofibroblasts	Malignant	HMDB0000123	Glycine	SLC6A9	Transporter	0.00953714885850786	0.1907429771701572	0.13623471683240496	0.07000527530908585	0.53125	0.2261904761904762	-3.217387519062489	0.0006676174564077626	4.0	0.004	0.04522357105919103	0.03287255293647623	130.18925685115946	3.2017625448551668	PASS
Myofibroblasts	Malignant	HMDB0000169	D-Mannose	SLC2A1	Transporter	0.05289465341671652	1.0578930683343304	0.03161600490057026	1.6730340719223022	0.40625	0.8928571428571429	-2.3545006081971476	0.00937017704624214	6.0	0.006	0.4087764206278633	0.04359076995526254	149.9244163683615	2.993413924305986	PASS
Myofibroblasts	Malignant	HMDB0000641	L-Glutamine	SLC1A5	Transporter	0.47040777089881364	1.598896900590421	0.5716714321170002	0.8228638768196106	0.84375	0.6904761904761905	-3.0848251305908887	0.0010463638791493894	4.0	0.004	0.06670569729577357	0.03287255293647623	85.58826260470201	3.1849703737053736	PASS
Myofibroblasts	Malignant	HMDB0000660	D-Fructose	SLC2A8	Transporter	0.006928106603697473	0.13856213207394946	0.04991274976055138	0.1388043463230133	0.5	0.25	-2.918957335634786	0.0017954189916519524	2.0	0.002	0.10602421624386793	0.019826506024096385	82.4216512987114	2.8887216344466866	PASS
Myofibroblasts	Malignant	HMDB0003080	Leukotriene D4	KCNJ5	Channel	0.004106298088743503	0.08212596177487007	0.1719265165302204	0.023884030058979988	0.4375	0.3333333333333333	-3.21102281368733	0.0006824255705232865	6.0	0.006	0.0461253909715137	0.04359076995526254	27.11032265258155	2.8081066500438583	PASS
Myofibroblasts	Myofibroblasts	HMDB0000089	Cytidine	SLC29A1	Transporter	0.01917007809411445	0.38340156188228897	0.051038124031038024	0.3756031095981598	0.34375	0.3125	-2.768410116904026	0.002868630185374998	4.0	0.004	0.1570746838859726	0.03287255293647623	107.41340595470005	3.0762620972135477	PASS
Myofibroblasts	Myofibroblasts	HMDB0000123	Glycine	SLC6A9	Transporter	0.014764215884577488	0.2952843176915497	0.13623471683240496	0.10837337374687195	0.53125	0.15625	-4.466416546533168	4.430566884671862e-06	2.0	0.002	0.0005016702430332121	0.019826506024096385	130.18925685115946	3.228525871530188	PASS
CD4Tconv	CD4Tconv	HMDB0000961	Farnesyl pyrophosphate	GPR183	Receptor	0.6898106861641027	5.244435061582202	0.23787366636097432	2.8999035358428955	0.2	0.8	-4.232119089599874	1.2640336315756143e-05	3.0	0.003	0.0012914489305385951	0.026706578188113096	66.11457690812472	7.501100040332189	PASS
CD4Tconv	Malignant	HMDB0001341	ADP	P2RY1	Receptor	0.01364652892873828	0.2729305785747656	0.08773701190948488	0.15553902089595795	0.8	0.23809523809523808	-4.924003054310728	4.958186147559951e-07	0.0	0.0	6.709861122059748e-05	0.0	42.70249182223479	2.910857517218503	PASS
CD4Tconv	Malignant	HMDB0003125	Hydrogen peroxide	TRPM2	Receptor	0.0016888337700097225	0.033776675400194446	0.038529548142105345	0.04383217170834541	0.5	0.15476190476190477	-2.6931553882951316	0.003598227123284806	4.0	0.004	0.19010838679615186	0.03287255293647623	106.53108420095758	2.2509946119158575	PASS
CD8T	CD4Tconv	HMDB0000961	Farnesyl pyrophosphate	GPR183	Receptor	1.1478371882277134	9.219843653846267	0.3958190933044534	2.8999035358428955	0.375	0.8	-9.120664175564261	2.005089717977236e-19	0.0	0.0	8.034680941323067e-17	0.0	67.49767376093233	7.501100040332189	PASS
CD8T	CD8T	HMDB0000961	Farnesyl pyrophosphate	GPR183	Receptor	0.6896505301106108	5.889687319046443	0.3958190933044534	1.742337703704834	0.375	0.625	-6.079704865495337	8.557246738224976e-10	0.0	0.0	1.6348845084082455e-07	0.0	67.49767376093233	7.530305522171111	PASS
CD8T	Malignant	HMDB0000961	Farnesyl pyrophosphate	LPAR2	Receptor	0.047744573875564474	0.9548914775112894	0.3958190933044534	0.12062221020460129	0.375	0.19047619047619047	-3.451325930086837	0.0002905953757939098	7.0	0.007	0.02154697754728323	0.04859601754978063	67.49767376093233	7.478468989315619	PASS
CD8T	Malignant	HMDB0001341	ADP	P2RY1	Receptor	0.009357810672290495	0.1871562134458099	0.060163749381899834	0.15553902089595795	0.5	0.23809523809523808	-4.321387689180438	8.527583078147581e-06	0.0	0.0	0.0009073054340560126	0.0	43.64912851145382	2.910857517218503	PASS
CD8T	Malignant	HMDB0003125	Hydrogen peroxide	TRPM2	Receptor	0.0014198769645963603	0.028397539291927204	0.03239348882925697	0.04383217170834541	0.4375	0.15476190476190477	-2.956245894113136	0.001593641452357975	0.0	0.0	0.09557202529155553	0.0	107.76791478225599	2.2509946119158575	PASS
CD8Tex	CD4Tconv	HMDB0000961	Farnesyl pyrophosphate	GPR183	Receptor	0.5794427371622671	4.4506656338837365	0.19981448693045728	2.8999035358428955	0.3333333333333333	0.8	-3.781782285133019	8.247523078020744e-05	4.0	0.004	0.0069339870455675775	0.03287255293647623	67.14088037465228	7.501100040332189	PASS
CD8Tex	CD4Tconv	HMDB0001498	myo-Inositol 1,4,5-trisphosphate	ITPR1	Receptor	0.007119804758088831	0.14239609516177662	0.02132246424249994	0.3339109718799591	0.2	0.3	-2.2105434354650786	0.013646721425636232	2.0	0.002	0.550777749624599	0.019826506024096385	31.574337877310583	3.939058063101224	PASS
CD8Tex	Malignant	HMDB0001341	ADP	P2RY1	Receptor	0.009095799721191365	0.1819159944238273	0.058479214211304975	0.15553902089595795	0.6	0.23809523809523808	-3.9088533538721992	4.9494468381942813e-05	1.0	0.001	0.00437882650272158	0.011412983169964861	43.0993964222876	2.910857517218503	PASS
CD8Tex	Malignant	HMDB0003125	Hydrogen peroxide	TRPM2	Receptor	0.0022666662285099485	0.045333324570198966	0.05171238704739759	0.04383217170834541	0.4666666666666667	0.15476190476190477	-3.814037070720548	7.254937033278501e-05	0.0	0.0	0.006175202266532639	0.0	106.93158583943311	2.2509946119158575	PASS
CD8Tex	Myofibroblasts	HMDB0001498	myo-Inositol 1,4,5-trisphosphate	ITPR1	Receptor	0.0035908279422027377	0.07181655884405475	0.02132246424249994	0.16840586066246033	0.2	0.28125	-2.1730608359682915	0.015005069511907847	6.0	0.006	0.5958576831273058	0.04359076995526254	31.574337877310583	3.939892427942307	PASS
Fibroblasts	CD4Tconv	HMDB0001220	Prostaglandin E2	PTGER4	Receptor	0.49152936408206205	5.041459841002075	0.4344646885332747	1.1313447952270508	0.8620689655172413	0.5	-4.063626234807856	2.605332296656054e-05	2.0	0.002	0.0025081912016637303	0.019826506024096385	33.35858037792529	2.304083822495165	PASS
Fibroblasts	CD4Tconv	HMDB0001403	Prostaglandin D2	PTGER4	Receptor	0.29188501064057143	5.837700212811428	0.2579982794564346	1.1313447952270508	0.20689655172413793	0.5	-19.901416977414677	8.5342282258883745e-75	0.0	0.0	1.7554907460652386e-71	0.0	33.396964939175625	2.170392851073907	PASS
Fibroblasts	CD4Tconv	HMDB0002103	27-Hydroxycholesterol	GPR183	Receptor	0.6824937736234667	13.649875472469335	0.23535050914205352	2.8999035358428955	0.3448275862068966	0.8	-23.05661197641704	5.933879348421267e-95	0.0	0.0	1.4083834407349093e-91	0.0	111.6050276766312	2.972819689761685	PASS
Fibroblasts	CD4Tconv	HMDB0002103	27-Hydroxycholesterol	NR1H2	Receptor	0.20645381704498517	4.129076340899703	0.23535050914205352	0.87721848487854	0.3448275862068966	0.3	-7.956471036059618	2.3889758212266554e-15	0.0	0.0	7.678317600411297e-13	0.0	111.6050276766312	2.972819689761685	PASS
Fibroblasts	CD4Tconv	HMDB0003080	Leukotriene D4	CYSLTR1	Receptor	0.07293721557460323	1.4587443114920644	0.23766117803110137	0.30689579248428345	0.5517241379310345	0.2	-6.552804325269979	4.5147190245973355e-11	0.0	0.0	9.775554772207072e-09	0.0	27.275814856922622	2.8034650188800967	PASS
Fibroblasts	CD8T	HMDB0000060	Acetoacetic acid	FFAR2	Receptor	0.0010481071012560783	0.020962142025121564	0.08275377787930634	0.012665368616580963	0.5172413793103449	0.4375	-3.8348049175144494	6.676671017126468e-05	6.0	0.006	0.0057224634509288105	0.04359076995526254	130.60528792800054	3.093105705137156	PASS
Fibroblasts	CD8T	HMDB0002103	27-Hydroxycholesterol	GPR183	Receptor	0.41006006566432907	8.20120131328658	0.23535050914205352	1.742337703704834	0.3448275862068966	0.625	-15.060278343851136	1.2043398496985575e-46	0.0	0.0	1.3762928171277405e-43	0.0	111.6050276766312	2.9766290324448983	PASS
Fibroblasts	CD8Tex	HMDB0000673	Linoleic acid	FFAR4	Receptor	0.0007187309465772497	0.014374618931544994	0.09648407921887499	0.007449218071997166	0.5862068965517241	0.26666666666666666	-2.9208103733972157	0.0017848664015500083	5.0	0.005	0.10550201689621745	0.03831015644400298	22.1244856652911	4.017099311051672	PASS
Fibroblasts	CD8Tex	HMDB0001220	Prostaglandin E2	PTGER4	Receptor	0.3681465806695606	3.991149664664067	0.4344646885332747	0.8473567366600037	0.8620689655172413	0.4	-3.606644750532345	0.00016276501235997485	4.0	0.004	0.012795196067177132	0.03287255293647623	33.35858037792529	2.2687034911800747	PASS
Fibroblasts	CD8Tex	HMDB0001403	Prostaglandin D2	PTGER4	Receptor	0.2186165801441001	4.372331602882002	0.2579982794564346	0.8473567366600037	0.20689655172413793	0.4	-16.319456197252844	1.4821062973673203e-53	0.0	0.0	1.9054329085528612e-50	0.0	33.396964939175625	2.139743204271744	PASS
Fibroblasts	CD8Tex	HMDB0002103	27-Hydroxycholesterol	GPR183	Receptor	0.2451753159984973	4.903506319969946	0.23535050914205352	1.0417454242706299	0.3448275862068966	0.4	-8.534265968476312	2.5910643707231323e-17	0.0	0.0	9.242461405625694e-15	0.0	111.6050276766312	2.968728789916635	PASS
Fibroblasts	Fibroblasts	HMDB0001335	Prostaglandin I2	PTGIR	Receptor	0.06870397087111699	1.3740794174223396	0.3050037585921457	0.22525614500045776	0.5172413793103449	0.20689655172413793	-9.538590170407778	5.334268616876749e-21	0.0	0.0	2.4204243849078246e-18	0.0	33.95621260804259	2.74810241735478	PASS
Fibroblasts	Fibroblasts	HMDB0001403	Prostaglandin D2	PTGFR	Receptor	0.029468319562712175	0.5893663912542435	0.2579982794564346	0.1142190545797348	0.20689655172413793	0.27586206896551724	-17.256966778512975	6.629169928736412e-59	0.0	0.0	9.297410825052818e-56	0.0	33.396964939175625	2.174065091003257	PASS
Fibroblasts	Fibroblasts	HMDB0002103	27-Hydroxycholesterol	NR1H2	Receptor	0.10801483463917054	2.160296692783411	0.23535050914205352	0.45895305275917053	0.3448275862068966	0.3793103448275862	-4.593873038229478	2.453276678916742e-06	0.0	0.0	0.0002928272801855941	0.0	111.6050276766312	2.982118464106829	PASS
Fibroblasts	Malignant	HMDB0000673	Linoleic acid	TRPV4	Receptor	0.011159438157988883	0.22318876315977765	0.09648407921887499	0.11566092818975449	0.5862068965517241	0.2976190476190476	-3.7948645757857418	7.830428175147914e-05	0.0	0.0	0.006637578608356837	0.0	22.1244856652911	3.883980228619402	PASS
Fibroblasts	Malignant	HMDB0002103	27-Hydroxycholesterol	NR1H2	Receptor	0.09899599154645534	1.9799198309291068	0.23535050914205352	0.42063215374946594	0.3448275862068966	0.5238095238095238	-4.063706324232719	2.6044526769265113e-05	1.0	0.001	0.0025081912016637303	0.011412983169964861	111.6050276766312	2.929358785223629	PASS
Fibroblasts	Myofibroblasts	HMDB0001335	Prostaglandin I2	PTGIR	Receptor	0.08598558275637197	1.7197116551274394	0.3050037585921457	0.28191646933555603	0.5172413793103449	0.28125	-12.645257777531011	2.089158854740449e-34	0.0	0.0	1.6319239610890265e-31	0.0	33.95621260804259	2.7388660873655857	PASS
Fibroblasts	Myofibroblasts	HMDB0002103	27-Hydroxycholesterol	NR1H2	Receptor	0.12848629880709492	2.569725976141898	0.23535050914205352	0.5459359288215637	0.3448275862068966	0.40625	-5.408484759026788	3.977004123888282e-08	0.0	0.0	6.407857036165689e-06	0.0	111.6050276766312	2.97714392447019	PASS
Malignant	CD4Tconv	HMDB0000538	Adenosine triphosphate	ITPR1	Receptor	0.012172783742492076	0.2434556748498415	0.03645517748026617	0.3339109718799591	0.4880952380952381	0.3	-6.532962622177587	5.1274630745003455e-11	0.0	0.0	1.1063487633825746e-08	0.0	29.143503927777015	2.354237770996658	PASS
Malignant	CD4Tconv	HMDB0000961	Farnesyl pyrophosphate	CYSLTR1	Receptor	0.10957470473604004	2.1914940947208006	0.35704205603161376	0.30689579248428345	0.7380952380952381	0.2	-3.465425545924893	0.000275949098808807	7.0	0.007	0.020541397934247866	0.04859601754978063	67.74006523632904	7.501100040332189	PASS
Malignant	CD4Tconv	HMDB0000961	Farnesyl pyrophosphate	GPR183	Receptor	1.035387520730694	7.945807842282154	0.35704205603161376	2.8999035358428955	0.7380952380952381	0.8	-9.326014050547325	3.431104642257399e-20	0.0	0.0	1.4602308101634766e-17	0.0	67.74006523632904	7.501100040332189	PASS
Malignant	CD4Tconv	HMDB0001220	Prostaglandin E2	PTGER4	Receptor	0.8748587330300244	9.028106473317635	0.7732909867273912	1.1313447952270508	0.9642857142857143	0.5	-8.289374908052762	1.8213943720943392e-16	0.0	0.0	6.209847884085175e-14	0.0	32.834475599780426	2.304083822495165	PASS
Malignant	CD4Tconv	HMDB0002719	Desmosterol	NR1H2	Receptor	0.7688326819082103	4.092353028106934	0.8764437767344394	0.87721848487854	0.6666666666666666	0.3	-6.061567842784267	9.541994381421793e-10	0.0	0.0	1.8173965224615396e-07	0.0	114.09066497683045	3.049941434205326	PASS
Malignant	CD8T	HMDB0000042	Acetic acid	FFAR2	Receptor	0.0030116223203714766	0.06023244640742953	0.23778402441669075	0.012665368616580963	0.9642857142857143	0.4375	-4.449063305969552	4.796439395548664e-06	1.0	0.001	0.0005391407561007432	0.011412983169964861	115.73539529004023	3.266979666922043	PASS
Malignant	CD8T	HMDB0000285	Uridine triphosphate	P2RY11	Receptor	0.005315011580619765	0.10630023161239528	0.019971817022278193	0.2661255896091461	0.4642857142857143	0.1875	-3.6071418043501207	0.00016245767465045938	0.0	0.0	0.012787325386071234	0.0	34.07498456621156	3.196258938449208	PASS
Malignant	CD8T	HMDB0000538	Adenosine triphosphate	P2RY11	Receptor	0.0097016556012419	0.194033112024838	0.03645517748026617	0.2661255896091461	0.4880952380952381	0.1875	-6.415973932341272	1.0784550037682154e-10	3.0	0.003	2.2407898411628474e-08	0.026706578188113096	29.143503927777015	2.3791410067971914	PASS
Malignant	CD8T	HMDB0000961	Farnesyl pyrophosphate	GPR183	Receptor	0.6220878360321745	5.167594757734658	0.35704205603161376	1.742337703704834	0.7380952380952381	0.625	-6.856662499628609	6.16478313879745e-12	0.0	0.0	1.4355802546988326e-09	0.0	67.74006523632904	7.530305522171111	PASS
Malignant	CD8Tex	HMDB0000207	Oleic acid	FFAR4	Receptor	0.0012068813394954863	0.024137626789909727	0.16201449975432342	0.007449218071997166	0.8333333333333334	0.26666666666666666	-3.988827283847636	3.5622719600654826e-05	4.0	0.004	0.0033206616715353615	0.03287255293647623	130.91392568915745	3.470685673587062	PASS
Malignant	CD8Tex	HMDB0000961	Farnesyl pyrophosphate	GPR183	Receptor	0.3719469281431115	2.9407636105851145	0.35704205603161376	1.0417454242706299	0.7380952380952381	0.4	-3.132687633579059	0.0008912841549288094	5.0	0.005	0.05777431218556389	0.03831015644400298	67.74006523632904	7.502431257985217	PASS
Malignant	CD8Tex	HMDB0001220	Prostaglandin E2	PTGER4	Receptor	0.6552533270019164	7.154716797647615	0.7732909867273912	0.8473567366600037	0.9642857142857143	0.4	-7.688550759292212	1.7759459427069394e-14	0.0	0.0	5.169510571907793e-12	0.0	32.834475599780426	2.2687034911800747	PASS
Malignant	CD8Tex	HMDB0001999	Eicosapentaenoic acid	FFAR4	Receptor	0.0018730949987675882	0.037461899975351765	0.25144853871426587	0.007449218071997166	0.7619047619047619	0.26666666666666666	-3.940651060307449	4.345790669125026e-05	4.0	0.004	0.003932239621579257	0.03287255293647623	35.37221035957751	4.895501887441292	PASS
Malignant	CD8Tex	HMDB0002183	Docosahexaenoic acid	FFAR4	Receptor	0.0018730949987675882	0.037461899975351765	0.25144853871426587	0.007449218071997166	0.7619047619047619	0.26666666666666666	-3.940651060307449	4.345790669125026e-05	4.0	0.004	0.003932239621579257	0.03287255293647623	61.07683562500786	4.1663058513962135	PASS
Malignant	Fibroblasts	HMDB0002719	Desmosterol	NR1H2	Receptor	0.4022465469040479	2.180132236934496	0.8764437767344394	0.45895305275917053	0.6666666666666666	0.3793103448275862	-3.846229950600504	6.37738101697163e-05	3.0	0.003	0.00551187930752548	0.026706578188113096	114.09066497683045	3.0638654707904003	PASS
Malignant	Malignant	HMDB0000538	Adenosine triphosphate	P2RX4	Receptor	0.010360679238771132	0.20721358477542265	0.03645517748026617	0.2842032313346863	0.4880952380952381	0.34523809523809523	-4.186264320030316	1.542928300027722e-05	0.0	0.0	0.00153092371670826	0.0	29.143503927777015	2.3504235226374504	PASS
Malignant	Malignant	HMDB0000538	Adenosine triphosphate	P2RY1	Receptor	0.005670202611868976	0.11340405223737951	0.03645517748026617	0.15553902089595795	0.4880952380952381	0.23809523809523808	-5.523405310281262	2.1200114106542442e-08	0.0	0.0	3.535835247337119e-06	0.0	29.143503927777015	2.3504235226374504	PASS
Malignant	Malignant	HMDB0000961	Farnesyl pyrophosphate	LPAR2	Receptor	0.04306720193452835	0.861344038690567	0.35704205603161376	0.12062221020460129	0.7380952380952381	0.19047619047619047	-4.57105746260771	2.73002677945682e-06	0.0	0.0	0.00032212228022998157	0.0	67.74006523632904	7.478468989315619	PASS
Malignant	Malignant	HMDB0001032	Dehydroepiandrosterone sulfate	PPARD	Receptor	0.02865655459354095	0.573131091870819	0.22358834273403594	0.1281665861606598	0.19047619047619047	0.5714285714285714	-5.500003600727945	2.4120498927005447e-08	0.0	0.0	3.958712736131666e-06	0.0	110.04925844148553	3.6468344115969282	PASS
Malignant	Malignant	HMDB0001085	Leukotriene B4	LTB4R	Receptor	0.07749518040083732	1.5499036080167463	0.634038797764723	0.12222466617822647	0.6309523809523809	0.32142857142857145	-9.425948013693292	1.4363721337014494e-20	0.0	0.0	6.286420168135918e-18	0.0	22.607542477999978	1.6881943016134133	PASS
Malignant	Malignant	HMDB0001085	Leukotriene B4	LTB4R2	Receptor	0.03429064290491633	0.6858128580983266	0.634038797764723	0.054082877933979034	0.6309523809523809	0.23809523809523808	-7.5536655057897715	4.7682883647106416e-14	0.0	0.0	1.3750050233004378e-11	0.0	22.607542477999978	1.6881943016134133	PASS
Malignant	Malignant	HMDB0001509	20-Hydroxy-leukotriene B4	LTB4R	Receptor	0.022138136653591732	0.4427627330718346	0.18112658717603025	0.12222466617822647	0.40476190476190477	0.32142857142857145	-12.629696610737348	2.4777652965542882e-34	0.0	0.0	1.909231670983305e-31	0.0	36.34867467924045	0.0	PASS
Malignant	Malignant	HMDB0002719	Desmosterol	NR1H2	Receptor	0.3686604334481233	1.9875963938286723	0.8764437767344394	0.42063215374946594	0.6666666666666666	0.5238095238095238	-5.126122076703099	1.7751435957576441e-07	0.0	0.0	2.553475787743688e-05	0.0	114.09066497683045	3.057873665383774	PASS
Malignant	Myofibroblasts	HMDB0000538	Adenosine triphosphate	ITPR1	Receptor	0.006139265539166967	0.12278531078333933	0.03645517748026617	0.16840586066246033	0.4880952380952381	0.28125	-5.214758819963785	1.1184342098093172e-07	1.0	0.001	1.6916317423365925e-05	0.011412983169964861	29.143503927777015	2.375803562634295	PASS
Malignant	Myofibroblasts	HMDB0000538	Adenosine triphosphate	RYR2	Receptor	0.002565443317994954	0.05130886635989908	0.03645517748026617	0.07037253677845001	0.4880952380952381	0.1875	-6.208180668232676	3.9235866137303664e-10	1.0	0.001	7.735607985089485e-08	0.011412983169964861	29.143503927777015	2.375803562634295	PASS
Malignant	Myofibroblasts	HMDB0002719	Desmosterol	NR1H2	Receptor	0.4784821473113954	2.5813811131846136	0.8764437767344394	0.5459359288215637	0.6666666666666666	0.40625	-5.543536647475967	1.8965072452460206e-08	0.0	0.0	3.1802571223948893e-06	0.0	114.09066497683045	3.059456435741014	PASS
Myofibroblasts	CD4Tconv	HMDB0000538	Adenosine triphosphate	ITPR1	Receptor	0.015622747771833145	0.3124549554366629	0.046787165105342865	0.3339109718799591	0.5625	0.3	-6.672815860939139	2.0758557926793445e-11	2.0	0.002	4.641342788631969e-09	0.019826506024096385	29.350374243576972	2.354237770996658	PASS
Myofibroblasts	CD4Tconv	HMDB0000961	Farnesyl pyrophosphate	GPR183	Receptor	0.5346675851067624	4.1500540630430995	0.18437426572927507	2.8999035358428955	0.3125	0.8	-3.9098891381674385	4.928592205696621e-05	6.0	0.006	0.00436987679617153	0.04359076995526254	67.6093113913871	7.501100040332189	PASS
Myofibroblasts	CD4Tconv	HMDB0003080	Leukotriene D4	CYSLTR1	Receptor	0.05276352453960425	1.055270490792085	0.1719265165302204	0.30689579248428345	0.4375	0.2	-4.679155358235869	1.6384384420007642e-06	2.0	0.002	0.00020021393317993497	0.019826506024096385	27.11032265258155	2.8034650188800967	PASS
Myofibroblasts	CD8T	HMDB0000131	Glycerol	AQP3	Receptor	0.013271424212923768	0.2654284842584753	0.02726313050789031	0.48679018020629883	0.34375	0.1875	-1.9254624357869619	0.02722756771432366	0.0	0.0	0.9206647691237879	0.0	91.68128302221933	2.3713309431603227	PASS
Myofibroblasts	CD8T	HMDB0000538	Adenosine triphosphate	P2RY11	Receptor	0.012451261899799837	0.24902523799599674	0.046787165105342865	0.2661255896091461	0.5625	0.1875	-6.748131395423975	1.2667826022818742e-11	0.0	0.0	2.8953020143264613e-09	0.0	29.350374243576972	2.3791410067971914	PASS
Myofibroblasts	Malignant	HMDB0000011	3-Hydroxybutyric acid	HCAR2	Receptor	0.03310834397200762	0.6621668794401523	0.10573755015502684	0.3131181299686432	0.21875	0.2857142857142857	-5.706164602497575	7.610209215617927e-09	0.0	0.0	1.3341648031130177e-06	0.0	124.24028887122937	2.997170113535051	PASS
Myofibroblasts	Malignant	HMDB0000131	Glycerol	AQP3	Receptor	0.008974049983485605	0.1794809996697121	0.02726313050789031	0.3291643261909485	0.34375	0.2619047619047619	-3.247818646060578	0.0006008334339597325	0.0	0.0	0.041566626916653686	0.0	91.68128302221933	2.3556694696112297	PASS
Myofibroblasts	Malignant	HMDB0000538	Adenosine triphosphate	P2RX4	Receptor	0.01329706350792792	0.2659412701585584	0.046787165105342865	0.2842032313346863	0.5625	0.34523809523809523	-3.003409689452164	0.001368119893384193	5.0	0.005	0.08375662561581204	0.03831015644400298	29.350374243576972	2.3504235226374504	PASS
Myofibroblasts	Malignant	HMDB0000538	Adenosine triphosphate	P2RY1	Receptor	0.007277229850982558	0.14554459701965117	0.046787165105342865	0.15553902089595795	0.5625	0.23809523809523808	-4.295820025015213	9.55218731156827e-06	1.0	0.001	0.0010007902869216944	0.011412983169964861	29.350374243576972	2.3504235226374504	PASS
Myofibroblasts	Myofibroblasts	HMDB0000538	Adenosine triphosphate	ITPR1	Receptor	0.007879232807521896	0.15758465615043793	0.046787165105342865	0.16840586066246033	0.5625	0.28125	-4.732492252746263	1.2686466228119185e-06	1.0	0.001	0.00015752149515839737	0.011412983169964861	29.350374243576972	2.375803562634295	PASS
Myofibroblasts	Myofibroblasts	HMDB0000538	Adenosine triphosphate	RYR2	Receptor	0.003292531497135154	0.06585062994270308	0.046787165105342865	0.07037253677845001	0.5625	0.1875	-5.803097689236281	4.367367392706036e-09	1.0	0.001	7.857441452008441e-07	0.011412983169964861	29.350374243576972	2.375803562634295	PASS
CD4Tconv	Malignant	HMDB0000574	L-Cysteine	SLC7A11	Transporter	0.03311768984878736	0.6623537969757471	0.16522159741725775	0.2004440724849701	0.5	0.5	-5.292370577719248	7.420727840067885e-08	0.0	0.0	1.144832787526473e-05	0.0	9.552633768630882	2.01356329591385	UNPASS
CD4Tconv	Malignant	HMDB0015531	Iron	TFRC	Receptor	0.949282503866001	1.5327180721211593	1.0078943789005281	0.9418472051620483	1.0	0.7619047619047619	-3.8295046977969633	6.819971674736079e-05	0.0	0.0	0.005837176866129867	0.0	5.62973916279644	2.0676073128135335	UNPASS
CD4Tconv	Myofibroblasts	HMDB0001361	Carbon monoxide	GUCY1A1	Enzyme	0.22448297913013626	4.204338426900163	0.31972058182582264	0.7021223902702332	0.4	0.53125	-5.290103524466662	7.510756760964164e-08	0.0	0.0	1.1529572132315885e-05	0.0	116.2242390226206	1.378404875209022	UNPASS
CD4Tconv	Myofibroblasts	HMDB0001361	Carbon monoxide	GUCY1B1	Enzyme	0.2906013618407254	4.378322817684184	0.31972058182582264	0.9089229106903076	0.4	0.59375	-5.855004227119111	3.2329488518086988e-09	0.0	0.0	5.885111316965039e-07	0.0	116.2242390226206	1.378404875209022	UNPASS
CD8T	Malignant	HMDB0015531	Iron	TFRC	Receptor	0.8344279920151207	1.3443622009168747	0.8859483655542135	0.9418472051620483	1.0	0.7619047619047619	-2.7021026403973796	0.0035035102530861875	3.0	0.003	0.18605991197758057	0.026706578188113096	5.676197406674752	2.0676073128135335	UNPASS
CD8T	Myofibroblasts	HMDB0001361	Carbon monoxide	GUCY1A1	Enzyme	0.2054078559552736	3.811019968747226	0.29255277826450765	0.7021223902702332	0.375	0.53125	-4.862841096427644	6.717107980830905e-07	1.0	0.001	8.838224594820365e-05	0.011412983169964861	117.96849696571876	1.378404875209022	UNPASS
CD8T	Myofibroblasts	HMDB0001361	Carbon monoxide	GUCY1B1	Enzyme	0.26590792275071246	4.026943274413173	0.29255277826450765	0.9089229106903076	0.375	0.59375	-5.731086857457513	6.602840423435862e-09	1.0	0.001	1.1742400072917206e-06	0.011412983169964861	117.96849696571876	1.378404875209022	UNPASS
CD8Tex	CD8T	HMDB0000294	Urea	SLC14A2	Transporter	0.0037848430277533456	0.07569686055506691	0.10726101174950599	0.03528628870844841	0.26666666666666666	0.6875	-5.649849259635374	1.0468018003174715e-08	0.0	0.0	1.7993910612142385e-06	0.0	119.15064578238821	2.179449471770337	UNPASS
CD8Tex	CD8T	HMDB0001043	Arachidonic acid	LRRC8C	Channel	0.016395085585511202	0.32790171171022403	0.04145420614707594	0.39549872279167175	0.4	0.375	-4.971720127402536	3.9033619716237474e-07	1.0	0.001	5.38873528565775e-05	0.011412983169964861	12.608388487676509	2.848250263379247	UNPASS
CD8Tex	CD8Tex	HMDB0000294	Urea	SLC14A1	Transporter	0.000386690953971552	0.00773381907943104	0.10726101174950599	0.003605139907449484	0.26666666666666666	0.2	-4.341317944234952	7.802544827519994e-06	5.0	0.005	0.000837382680532624	0.03831015644400298	119.15064578238821	2.179449471770337	UNPASS
CD8Tex	Malignant	HMDB0001043	Arachidonic acid	TRPM2	Receptor	0.0018170278818717806	0.03634055763743561	0.04145420614707594	0.04383217170834541	0.4	0.15476190476190477	-3.2174078930966936	0.0006675705346465351	5.0	0.005	0.04522357105919103	0.03831015644400298	12.608388487676509	2.827690233132349	UNPASS
CD8Tex	Myofibroblasts	HMDB0000294	Urea	SLC5A5	Transporter	0.004564241088078918	0.09128482176157836	0.10726101174950599	0.042552657425403595	0.26666666666666666	0.5	-3.942121186358221	4.319639849833416e-05	7.0	0.007	0.003920073163723825	0.04859601754978063	119.15064578238821	2.179449471770337	UNPASS
CD8Tex	Myofibroblasts	HMDB0001043	Arachidonic acid	TRPC6	Receptor	0.011013645536519616	0.22027291073039232	0.04145420614707594	0.2656822204589844	0.4	0.21875	-6.01100080698861	1.2908348041567125e-09	1.0	0.001	2.3849525677997226e-07	0.011412983169964861	12.608388487676509	2.847694776832389	UNPASS
CD8Tex	Myofibroblasts	HMDB0001358	Retinal	RARB	Nuclear Receptor	0.014048851557218888	0.2809770311443778	0.07186833618907258	0.19548040628433228	0.4666666666666667	0.1875	-2.8564114904064097	0.0021867031408569436	6.0	0.006	0.12494578779840924	0.04359076995526254	7.676886124881505	4.6568092880607646	UNPASS
Fibroblasts	CD8T	HMDB0001043	Arachidonic acid	LRRC8C	Channel	0.019160180814214722	0.38320361628429445	0.048445619947822975	0.39549872279167175	0.5172413793103449	0.375	-7.000304105928779	2.3402798261499023e-12	0.0	0.0	5.663477179282764e-10	0.0	12.97957917922011	2.848250263379247	UNPASS
Fibroblasts	CD8Tex	HMDB0001043	Arachidonic acid	LRRC8C	Channel	0.013663918838680424	0.27327837677360844	0.048445619947822975	0.28204652667045593	0.5172413793103449	0.26666666666666666	-4.771967432424963	1.0481112610247321e-06	1.0	0.001	0.0001325388236021234	0.011412983169964861	12.97957917922011	2.8086768167931555	UNPASS
Fibroblasts	Fibroblasts	HMDB0000248	Thyroxine	SLC16A2	Transporter	0.01284418845469966	0.2568837690939932	0.2304034514577481	0.05574651062488556	0.6206896551724138	0.1724137931034483	-6.8641622724367535	5.863310976143426e-12	0.0	0.0	1.3705489406735258e-09	0.0	3.775290997747433	1.378404875209022	UNPASS
Fibroblasts	Malignant	HMDB0000574	L-Cysteine	SLC7A11	Transporter	0.010883092650483	0.21766185300965998	0.05429490887688408	0.2004440724849701	0.3793103448275862	0.5	-3.073069685466062	0.0010880679453217667	3.0	0.003	0.06879577141988343	0.026706578188113096	9.727946878169965	2.01356329591385	UNPASS
Fibroblasts	Malignant	HMDB0001043	Arachidonic acid	ANXA2	Receptor	0.18414472938561724	3.6828945877123447	0.048445619947822975	3.801060438156128	0.5172413793103449	1.0	-2.7642755146169242	0.002904951381415564	2.0	0.002	0.15878170925345833	0.019826506024096385	12.97957917922011	2.827690233132349	UNPASS
Fibroblasts	Malignant	HMDB0001043	Arachidonic acid	LRRC8A	Channel	0.014657555251335275	0.2931511050267055	0.048445619947822975	0.3025568723678589	0.5172413793103449	0.5476190476190477	-3.5917575504364687	0.00017222664929921714	0.0	0.0	0.013470350479410254	0.0	12.97957917922011	2.827690233132349	UNPASS
Fibroblasts	Malignant	HMDB0001043	Arachidonic acid	S100A10	Receptor	0.09144010508236221	1.828802101647244	0.048445619947822975	1.887479305267334	0.5172413793103449	0.8809523809523809	-3.1123952951441263	0.0009542508344629636	0.0	0.0	0.06146849581911219	0.0	12.97957917922011	2.827690233132349	UNPASS
Fibroblasts	Malignant	HMDB0001043	Arachidonic acid	TRPM2	Receptor	0.0021234767320702204	0.042469534641404405	0.048445619947822975	0.04383217170834541	0.5172413793103449	0.15476190476190477	-4.860872960250716	6.782679070935587e-07	0.0	0.0	8.897292879613821e-05	0.0	12.97957917922011	2.827690233132349	UNPASS
Fibroblasts	Malignant	HMDB0015531	Iron	TFRC	Receptor	0.9282830072066995	1.4965753891340936	0.9855983031207116	0.9418472051620483	1.0	0.7619047619047619	-4.24547951789764	1.1922708813121984e-05	0.0	0.0	0.001226250601429596	0.0	5.715397298047485	2.0676073128135335	UNPASS
Fibroblasts	Myofibroblasts	HMDB0001043	Arachidonic acid	TRPC6	Receptor	0.012871139879249675	0.2574227975849935	0.048445619947822975	0.2656822204589844	0.5172413793103449	0.21875	-8.893261235339418	1.3637301053515048e-18	0.0	0.0	5.259736550077585e-16	0.0	12.97957917922011	2.847694776832389	UNPASS
Fibroblasts	Myofibroblasts	HMDB0001358	Retinal	RARB	Nuclear Receptor	0.014565411374245628	0.29130822748491253	0.07451085073488024	0.19548040628433228	0.6551724137931034	0.1875	-4.241997294292887	1.2105915050783508e-05	0.0	0.0	0.0012430216602060738	0.0	7.688464802035046	4.6568092880607646	UNPASS
Fibroblasts	Myofibroblasts	HMDB0001361	Carbon monoxide	GUCY1A1	Enzyme	0.237494637729914	4.348464034751006	0.3382524770909342	0.7021223902702332	0.6206896551724138	0.53125	-6.180113876890466	4.657970350598181e-10	0.0	0.0	9.12518572493377e-08	0.0	119.0297330695988	1.378404875209022	UNPASS
Fibroblasts	Myofibroblasts	HMDB0001361	Carbon monoxide	GUCY1B1	Enzyme	0.3074454260256985	4.5932339915854286	0.3382524770909342	0.9089229106903076	0.6206896551724138	0.59375	-7.147968827471082	8.490711468511496e-13	0.0	0.0	2.129926035454652e-10	0.0	119.0297330695988	1.378404875209022	UNPASS
Malignant	CD4Tconv	HMDB0000244	Riboflavin	SLC52A1	Transporter	0.08697182385634726	1.739436477126945	0.34679555564764014	0.25078701972961426	0.8928571428571429	0.4	-5.140696590870608	1.6460918351624497e-07	2.0	0.002	2.3901253446558767e-05	0.019826506024096385	3.379032116336455	3.30767587501198	UNPASS
Malignant	CD4Tconv	HMDB0000259	Serotonin	HTR3B	Receptor	0.0007152622303429293	0.014305244606858586	0.06987270653536101	0.010236646980047226	0.19047619047619047	0.4	-8.782066276091518	3.4316216070291484e-18	0.0	0.0	1.2912522522546873e-15	0.0	3.472137621505029	1.3737420607207529	UNPASS
Malignant	CD4Tconv	HMDB0000259	Serotonin	SLC6A4	Transporter	0.0026508566843231867	0.053017133686463734	0.06987270653536101	0.03793837130069733	0.19047619047619047	0.9	-6.034749089953136	1.1203656589850674e-09	0.0	0.0	2.107858683413674e-07	0.0	3.472137621505029	1.3737420607207529	UNPASS
Malignant	CD4Tconv	HMDB0000870	Histamine	HRH4	Receptor	0.0011014272064056448	0.022028544128112896	0.07147759318883928	0.015409405343234539	0.20238095238095238	0.7	-2.166647341193653	0.0152487902194622	2.0	0.002	0.6020491647108205	0.019826506024096385	4.203898528842072	4.144595296508852	UNPASS
Malignant	CD4Tconv	HMDB0000870	Histamine	SLC22A5	Transporter	0.01845516873985775	0.36910337479715494	0.07147759318883928	0.258195161819458	0.20238095238095238	0.2	-7.2659667112366355	3.7270241263026085e-13	0.0	0.0	9.503911522071651e-11	0.0	4.203898528842072	4.144595296508852	UNPASS
Malignant	CD8T	HMDB0000259	Serotonin	HTR3B	Receptor	0.0004163247657272448	0.008326495314544895	0.06987270653536101	0.005958331748843193	0.19047619047619047	0.1875	-6.4058813614785315	1.1492608159635455e-10	0.0	0.0	2.3719359516090432e-08	0.0	3.472137621505029	1.378088940072143	UNPASS
Malignant	CD8T	HMDB0000259	Serotonin	SLC6A4	Transporter	0.0024435131279657903	0.04887026255931581	0.06987270653536101	0.03497092425823212	0.19047619047619047	0.875	-5.925002267154628	2.1469754602432217e-09	0.0	0.0	3.9431504658217027e-07	0.0	3.472137621505029	1.378088940072143	UNPASS
Malignant	CD8T	HMDB0000294	Urea	SLC14A2	Transporter	0.002437793382892735	0.048755867657854696	0.06908613719722434	0.03528628870844841	0.36904761904761907	0.6875	-5.195450294551782	1.2375791275188496e-07	0.0	0.0	1.8402652520286316e-05	0.0	120.42234369692554	2.179449471770337	UNPASS
Malignant	CD8T	HMDB0000870	Histamine	HRH4	Receptor	0.0005567600711553819	0.011135201423107638	0.07147759318883928	0.007789295166730881	0.20238095238095238	0.3125	-1.4432372352295793	0.07463356877898061	6.0	0.006	0.9434021331269613	0.04359076995526254	4.203898528842072	4.170674341496982	UNPASS
Malignant	CD8Tex	HMDB0000259	Serotonin	SLC6A4	Transporter	0.0016842576003540093	0.03368515200708019	0.06987270653536101	0.024104656651616096	0.19047619047619047	0.7333333333333333	-4.18624162810003	1.5430798116877942e-05	0.0	0.0	0.00153092371670826	0.0	3.472137621505029	1.378404875209022	UNPASS
Malignant	CD8Tex	HMDB0000806	Myristic acid	FFAR4	Receptor	0.0003427849829494398	0.006855699658988796	0.04601623682330161	0.007449218071997166	0.42857142857142855	0.26666666666666666	-3.8969816299383657	5.194509088386238e-05	5.0	0.005	0.004572798228877528	0.03831015644400298	1.3782047996693152	2.945740653790587	UNPASS
Malignant	CD8Tex	HMDB0000806	Myristic acid	SLC27A2	Transporter	0.01045476633480523	0.2090953266961046	0.04601623682330161	0.2271973341703415	0.42857142857142855	0.2	-5.672086597732619	9.232777520450136e-09	0.0	0.0	1.60043455277241e-06	0.0	1.3782047996693152	2.945740653790587	UNPASS
Malignant	CD8Tex	HMDB0000870	Histamine	HRH4	Receptor	0.000998025917591351	0.01996051835182702	0.07147759318883928	0.013962780125439167	0.20238095238095238	0.4	-2.620151099350474	0.004461213402007944	1.0	0.001	0.22584206647900754	0.011412983169964861	4.203898528842072	4.079086329875355	UNPASS
Malignant	CD8Tex	HMDB0002369	9-cis-Retinoic acid	VDR	Nuclear Receptor	0.06939806110780586	1.387961222156117	0.3278642681294254	0.2116670459508896	0.36904761904761907	0.26666666666666666	-4.916335953629984	5.151481908697117e-07	0.0	0.0	6.925881232803902e-05	0.0	6.834111164924913	3.96379169285671	UNPASS
Malignant	Fibroblasts	HMDB0000259	Serotonin	SLC6A4	Transporter	0.0011648001297038537	0.023296002594077072	0.06987270653536101	0.016670316457748413	0.19047619047619047	0.4827586206896552	-3.1978418219002704	0.0007140619838347849	0.0	0.0	0.0475861393330935	0.0	3.472137621505029	1.3770361790779855	UNPASS
Malignant	Fibroblasts	HMDB0000870	Histamine	HRH2	Receptor	0.003481152980579604	0.06962305961159207	0.07147759318883928	0.04870271682739258	0.20238095238095238	0.20689655172413793	-2.0239759499600503	0.021619190924150822	5.0	0.005	0.7824752328031362	0.03831015644400298	4.203898528842072	4.179269690125307	UNPASS
Malignant	Fibroblasts	HMDB0000870	Histamine	HRH4	Receptor	0.0019462343526199795	0.038924687052399584	0.07147759318883928	0.027228593826293945	0.20238095238095238	0.20689655172413793	-5.276109077262083	8.090377534189949e-08	0.0	0.0	1.2357851426605488e-05	0.0	4.203898528842072	4.179269690125307	UNPASS
Malignant	Fibroblasts	HMDB0001085	Leukotriene B4	PPARA	Nuclear Receptor	0.03974446089904129	0.7948892179808257	0.634038797764723	0.06268458813428879	0.6309523809523809	0.20689655172413793	-4.424376442640601	5.367082649112654e-06	0.0	0.0	0.000590379091402392	0.0	22.607542477999978	1.6881943016134133	UNPASS
Malignant	Fibroblasts	HMDB0002369	9-cis-Retinoic acid	RXRA	Nuclear Receptor	0.021321133414557266	0.4264226682911453	0.3278642681294254	0.06503036618232727	0.36904761904761907	0.1724137931034483	-3.3837788587725295	0.0003713657290272629	7.0	0.007	0.02692947019773489	0.04859601754978063	6.834111164924913	3.9684828437106057	UNPASS
Malignant	Fibroblasts	HMDB0006219	13-cis-Retinoic acid	RXRA	Nuclear Receptor	0.021321133414557266	0.4264226682911453	0.3278642681294254	0.06503036618232727	0.36904761904761907	0.1724137931034483	-3.3837788587725295	0.0003713657290272629	7.0	0.007	0.02692947019773489	0.04859601754978063	7.172113563965356	3.846083567271936	UNPASS
Malignant	Malignant	HMDB0000034	Adenine	SLC29A2	Transporter	0.06663741483236407	1.3327482966472814	0.5932178126199036	0.11233212053775787	0.9166666666666666	0.15476190476190477	-5.323561790464463	6.283321005065829e-08	0.0	0.0	9.742305005593272e-06	0.0	98.87800968536338	2.078830033353495	UNPASS
Malignant	Malignant	HMDB0000034	Adenine	SLC35F5	Transporter	0.14940937207755275	2.3003925429661116	0.5932178126199036	0.2518625855445862	0.9166666666666666	0.44047619047619047	-5.961829644435682	1.728025029032342e-09	0.0	0.0	3.1831768519876367e-07	0.0	98.87800968536338	2.078830033353495	UNPASS
Malignant	Malignant	HMDB0000121	Folic acid	SLC19A1	Transporter	0.0037818065447801424	0.07563613089560284	0.05079607635880598	0.07445076107978821	0.16666666666666666	0.25	-3.5826977049830155	0.00017823436414108877	4.0	0.004	0.013869915020361398	0.03287255293647623	10.46333486308855	3.049784737174594	UNPASS
Malignant	Malignant	HMDB0000244	Riboflavin	SLC52A1	Transporter	0.023277804197856404	0.46555608395712805	0.34679555564764014	0.06712255626916885	0.8928571428571429	0.23809523809523808	-3.614383905273382	0.00015804099996133625	0.0	0.0	0.012487464926522484	0.0	3.379032116336455	3.358492658469379	UNPASS
Malignant	Malignant	HMDB0000244	Riboflavin	SLC52A2	Transporter	0.06303066568346243	1.2606133136692483	0.34679555564764014	0.18175165355205536	0.8928571428571429	0.2857142857142857	-4.890701231170719	5.851928270836613e-07	0.0	0.0	7.78281236192516e-05	0.0	3.379032116336455	3.358492658469379	UNPASS
Malignant	Malignant	HMDB0000259	Serotonin	SLC6A4	Transporter	0.0012755269738047468	0.025510539476094937	0.06987270653536101	0.01825501024723053	0.19047619047619047	0.3333333333333333	-3.5097304249791272	0.00023428544487750418	0.0	0.0	0.01767451687456086	0.0	3.472137621505029	1.3776328494788233	UNPASS
Malignant	Malignant	HMDB0000870	Histamine	SLC22A5	Transporter	0.0034145898762341304	0.0682917975246826	0.07147759318883928	0.04777147248387337	0.20238095238095238	0.2976190476190476	-3.3181007919977934	0.000469512604960129	0.0	0.0	0.03361209147574195	0.0	4.203898528842072	4.080717481350459	UNPASS
Malignant	Malignant	HMDB0000902	NAD	TRPM2	Receptor	0.003370310915072563	0.06740621830145126	0.0768912600885544	0.04383217170834541	0.6666666666666666	0.15476190476190477	-6.9843576895932085	2.608199006267126e-12	0.0	0.0	6.262722205320792e-10	0.0	9.718679427091997	4.026844366026674	UNPASS
Malignant	Malignant	HMDB0001852	all-trans-Retinoic acid	RXRA	Nuclear Receptor	0.015596291789928007	0.3119258357985601	0.25699401174885367	0.06068737432360649	0.35714285714285715	0.2857142857142857	-5.198048575457401	1.220858943719999e-07	0.0	0.0	1.8197875704579982e-05	0.0	6.5589249401801535	3.822994331927823	UNPASS
Malignant	Malignant	HMDB0002369	9-cis-Retinoic acid	RXRA	Nuclear Receptor	0.019897221567305723	0.39794443134611446	0.3278642681294254	0.06068737432360649	0.36904761904761907	0.2857142857142857	-5.618394837921257	1.2493268926681733e-08	0.0	0.0	2.1238557175358943e-06	0.0	6.834111164924913	3.945286512023209	UNPASS
Malignant	Malignant	HMDB0002369	9-cis-Retinoic acid	RXRB	Nuclear Receptor	0.0240904364159165	0.48180872831832994	0.3278642681294254	0.07347685843706131	0.36904761904761907	0.25	-2.7583788812876118	0.0029574699937724392	5.0	0.005	0.1610816181074115	0.03831015644400298	6.834111164924913	3.945286512023209	UNPASS
Malignant	Malignant	HMDB0006219	13-cis-Retinoic acid	RXRA	Nuclear Receptor	0.019897221567305723	0.39794443134611446	0.3278642681294254	0.06068737432360649	0.36904761904761907	0.2857142857142857	-5.618394837921257	1.2493268926681733e-08	0.0	0.0	2.1238557175358943e-06	0.0	7.172113563965356	3.822994331927823	UNPASS
Malignant	Malignant	HMDB0006219	13-cis-Retinoic acid	RXRB	Nuclear Receptor	0.0240904364159165	0.48180872831832994	0.3278642681294254	0.07347685843706131	0.36904761904761907	0.25	-2.7583788812876118	0.0029574699937724392	5.0	0.005	0.1610816181074115	0.03831015644400298	7.172113563965356	3.822994331927823	UNPASS
Malignant	Malignant	HMDB0015531	Iron	TFRC	Receptor	0.8766240890329099	1.4126207075541404	0.9307497906542956	0.9418472051620483	0.9880952380952381	0.7619047619047619	-3.545148404116789	0.0002052884064435829	0.0	0.0	0.015701543807635488	0.0	5.617620023344584	2.0676073128135335	UNPASS
Malignant	Myofibroblasts	HMDB0000259	Serotonin	HTR3B	Receptor	0.0003070373591466342	0.006140747182932684	0.06987270653536101	0.004394238814711571	0.19047619047619047	0.15625	-5.043361439256942	2.715242193775606e-07	0.0	0.0	3.8430641233461616e-05	0.0	3.472137621505029	1.3779450557358457	UNPASS
Malignant	Myofibroblasts	HMDB0000259	Serotonin	SLC6A4	Transporter	0.0008388372256448649	0.016776744512897297	0.06987270653536101	0.012005220167338848	0.19047619047619047	0.40625	-2.4660864540079355	0.0069134397306513246	7.0	0.007	0.32271434627722634	0.04859601754978063	3.472137621505029	1.3779450557358457	UNPASS
Malignant	Myofibroblasts	HMDB0000259	Serotonin	TRPC6	Receptor	0.018563935821793703	0.371278716435874	0.06987270653536101	0.2656822204589844	0.19047619047619047	0.21875	-12.180239960381156	3.203529014097712e-32	0.0	0.0	2.272296269654825e-29	0.0	3.472137621505029	1.3779450557358457	UNPASS
Malignant	Myofibroblasts	HMDB0000870	Histamine	HRH2	Receptor	0.027863121258187566	0.5572624251637512	0.07147759318883928	0.38981616497039795	0.20238095238095238	0.46875	-10.350068853810988	3.2135970671066525e-24	0.0	0.0	1.7095782328547545e-21	0.0	4.203898528842072	4.17473582491892	UNPASS
Malignant	Myofibroblasts	HMDB0000870	Histamine	SLC22A3	Transporter	0.008265030846868133	0.16530061693736264	0.07147759318883928	0.11563107371330261	0.20238095238095238	0.21875	-7.4401587941132155	1.082057450167981e-13	0.0	0.0	2.94157556166811e-11	0.0	4.203898528842072	4.17473582491892	UNPASS
Malignant	Myofibroblasts	HMDB0001361	Carbon monoxide	GUCY1A1	Enzyme	0.3236424781389239	5.902236681135612	0.4609488069656349	0.7021223902702332	0.8214285714285714	0.53125	-9.213165138853572	9.088753524598775e-20	0.0	0.0	3.815421632673404e-17	0.0	118.00496407866729	1.378404875209022	UNPASS
Malignant	Myofibroblasts	HMDB0001361	Carbon monoxide	GUCY1B1	Enzyme	0.4189669313064296	6.271070860895433	0.4609488069656349	0.9089229106903076	0.8214285714285714	0.59375	-11.116968440227724	1.8826635400925938e-27	0.0	0.0	1.1855017046848363e-24	0.0	118.00496407866729	1.378404875209022	UNPASS
Myofibroblasts	CD4Tconv	HMDB0000122	D-Glucose	SLC2A1	Transporter	0.00479555559392209	0.0959111118784418	0.007468827036063885	0.6420761346817017	0.4375	0.4	-1.8861036287712938	0.02978543657663873	2.0	0.002	0.9434021331269613	0.019826506024096385	96.54443664674258	1.5423162335761555	UNPASS
Myofibroblasts	CD4Tconv	HMDB0000122	D-Glucose	SLC2A3	Transporter	0.007961779300368057	0.15923558600736112	0.007468827036063885	1.066001296043396	0.4375	0.5	-1.8995783318135735	0.028888135637016848	0.0	0.0	0.9434021331269613	0.0	96.54443664674258	1.5423162335761555	UNPASS
Myofibroblasts	CD4Tconv	HMDB0000122	D-Glucose	SLC2A4	Transporter	0.0001404592429900532	0.0028091848598010634	0.007468827036063885	0.018806064501404762	0.4375	0.3	-0.8605055636493568	0.1948584415451552	1.0	0.001	0.9434021331269613	0.011412983169964861	96.54443664674258	1.5423162335761555	UNPASS
Myofibroblasts	CD4Tconv	HMDB0000122	D-Glucose	SLC2A6	Transporter	0.00010328635563202227	0.0020657271126404454	0.007468827036063885	0.01382899284362793	0.4375	0.3	-0.7383891638440894	0.230225711180452	1.0	0.001	0.9434021331269613	0.011412983169964861	96.54443664674258	1.5423162335761555	UNPASS
Myofibroblasts	CD8T	HMDB0000122	D-Glucose	SLC2A3	Transporter	0.011754196682082562	0.23508393364165123	0.007468827036063885	1.5737674236297607	0.4375	0.6875	-2.5287713299472925	0.0057996279170892204	0.0	0.0	0.2803204431679934	0.0	96.54443664674258	1.5452765195558673	UNPASS
Myofibroblasts	CD8T	HMDB0000122	D-Glucose	SLC2A4	Transporter	0.00012521888016921363	0.0025043776033842726	0.007468827036063885	0.0167655348777771	0.4375	0.625	-1.0984332283628946	0.13614000972072793	2.0	0.002	0.9434021331269613	0.019826506024096385	96.54443664674258	1.5452765195558673	UNPASS
Myofibroblasts	CD8T	HMDB0000122	D-Glucose	SLC2A6	Transporter	9.760140638579034e-05	0.0019520281277158066	0.007468827036063885	0.013067835941910744	0.4375	0.3125	-0.9414708075849059	0.17334562095276895	2.0	0.002	0.9434021331269613	0.019826506024096385	96.54443664674258	1.5452765195558673	UNPASS
Myofibroblasts	CD8T	HMDB0001043	Arachidonic acid	LRRC8C	Channel	0.015393462569264977	0.3078692513852995	0.0389216492549167	0.39549872279167175	0.40625	0.375	-6.240578602841955	3.2158963549370714e-10	1.0	0.001	6.381124246404073e-08	0.011412983169964861	12.824765710099394	2.848250263379247	UNPASS
Myofibroblasts	CD8Tex	HMDB0000122	D-Glucose	SLC2A1	Transporter	0.0009612251520297137	0.01922450304059427	0.007468827036063885	0.12869827449321747	0.4375	0.3333333333333333	-1.9848252879342663	0.023718548246433838	2.0	0.002	0.8397427494477522	0.019826506024096385	96.54443664674258	1.541103500742244	UNPASS
Myofibroblasts	CD8Tex	HMDB0000122	D-Glucose	SLC2A3	Transporter	0.005604973793749533	0.11209947587499065	0.007468827036063885	0.750449001789093	0.4375	0.4666666666666667	-2.090460721352581	0.018414362352972207	1.0	0.001	0.6954408205642074	0.011412983169964861	96.54443664674258	1.541103500742244	UNPASS
Myofibroblasts	CD8Tex	HMDB0000122	D-Glucose	SLC2A4	Transporter	5.1131523619432355e-05	0.001022630472388647	0.007468827036063885	0.006845991127192974	0.4375	0.26666666666666666	-1.1093388046238661	0.13377551072700333	3.0	0.003	0.9434021331269613	0.026706578188113096	96.54443664674258	1.541103500742244	UNPASS
Myofibroblasts	CD8Tex	HMDB0000122	D-Glucose	SLC2A6	Transporter	8.294774482879561e-05	0.001658954896575912	0.007468827036063885	0.011105859652161598	0.4375	0.26666666666666666	-0.8814664812274369	0.18913870617653372	2.0	0.002	0.9434021331269613	0.019826506024096385	96.54443664674258	1.541103500742244	UNPASS
Myofibroblasts	CD8Tex	HMDB0000806	Myristic acid	SLC27A2	Transporter	0.008106872417331238	0.16213744834662475	0.035682075438671745	0.2271973341703415	0.1875	0.2	-3.8420834471461656	6.484508005538189e-05	7.0	0.007	0.005596629217087575	0.04859601754978063	1.3761118597828248	2.945740653790587	UNPASS
Myofibroblasts	CD8Tex	HMDB0001043	Arachidonic acid	LRRC8C	Channel	0.010977715984634994	0.21955431969269987	0.0389216492549167	0.28204652667045593	0.40625	0.26666666666666666	-4.183401501544735	1.5621552406720927e-05	7.0	0.007	0.0015473611541231916	0.04859601754978063	12.824765710099394	2.8086768167931555	UNPASS
Myofibroblasts	Fibroblasts	HMDB0000122	D-Glucose	SLC2A1	Transporter	0.0012800150216511694	0.025600300433023387	0.007468827036063885	0.17138099670410156	0.4375	0.1724137931034483	-2.4520361770959838	0.007187638964704866	3.0	0.003	0.33299489527923215	0.026706578188113096	96.54443664674258	1.5465210719975155	UNPASS
Myofibroblasts	Fibroblasts	HMDB0000122	D-Glucose	SLC2A3	Transporter	0.004831388318312109	0.09662776636624218	0.007468827036063885	0.6468737721443176	0.4375	0.5862068965517241	-2.376291863414036	0.008837652902255966	1.0	0.001	0.3909473552675381	0.011412983169964861	96.54443664674258	1.5465210719975155	UNPASS
Myofibroblasts	Fibroblasts	HMDB0000122	D-Glucose	SLC2A6	Transporter	0.00021234406654138026	0.004246881330827605	0.007468827036063885	0.02843071147799492	0.4375	0.1724137931034483	-1.2805659157319944	0.10032170382792265	1.0	0.001	0.9434021331269613	0.011412983169964861	96.54443664674258	1.5465210719975155	UNPASS
Myofibroblasts	Malignant	HMDB0000122	D-Glucose	SLC2A1	Transporter	0.012495602108629341	0.2499120421725868	0.007468827036063885	1.6730340719223022	0.4375	0.8928571428571429	-3.421224362957123	0.0003243222283549767	0.0	0.0	0.023769506783593363	0.0	96.54443664674258	1.541103500742244	UNPASS
Myofibroblasts	Malignant	HMDB0000122	D-Glucose	SLC2A4	Transporter	0.0003687526442017516	0.007375052884035032	0.007468827036063885	0.04937222972512245	0.4375	0.15476190476190477	-2.405105011134196	0.00817441625986513	2.0	0.002	0.3687450492662845	0.019826506024096385	96.54443664674258	1.541103500742244	UNPASS
Myofibroblasts	Malignant	HMDB0000122	D-Glucose	SLC2A6	Transporter	0.00027701080765507916	0.005540216153101583	0.007468827036063885	0.03708893060684204	0.4375	0.15476190476190477	-2.117245814770287	0.017242801197367555	1.0	0.001	0.6654491944274871	0.011412983169964861	96.54443664674258	1.541103500742244	UNPASS
Myofibroblasts	Malignant	HMDB0000122	D-Glucose	SLC2A8	Transporter	0.0010367056545404966	0.02073411309080993	0.007468827036063885	0.1388043463230133	0.4375	0.25	-2.6113992689352146	0.004576216344255575	0.0	0.0	0.2307175740228852	0.0	96.54443664674258	1.541103500742244	UNPASS
Myofibroblasts	Malignant	HMDB0000122	D-Glucose	SLC2A9	Transporter	0.0014891244615153733	0.029782489230307466	0.007468827036063885	0.1993786245584488	0.4375	0.34523809523809523	-2.8893738494657795	0.001971767079325457	0.0	0.0	0.11425140513161873	0.0	96.54443664674258	1.541103500742244	UNPASS
Myofibroblasts	Malignant	HMDB0000574	L-Cysteine	SLC7A11	Transporter	0.014351137227936812	0.2870227445587362	0.07159671548288316	0.2004440724849701	0.5	0.5	-4.21809771180067	1.3437630635416167e-05	0.0	0.0	0.0013638753067623877	0.0	9.682500463640075	2.01356329591385	UNPASS
Myofibroblasts	Malignant	HMDB0001043	Arachidonic acid	LRRC8A	Channel	0.011776012465966403	0.23552024931932805	0.0389216492549167	0.3025568723678589	0.40625	0.5476190476190477	-3.04781732105926	0.0011828613265249524	6.0	0.006	0.07403080371182029	0.04359076995526254	12.824765710099394	2.827690233132349	UNPASS
Myofibroblasts	Malignant	HMDB0001043	Arachidonic acid	S100A10	Receptor	0.07346380749552903	1.4692761499105804	0.0389216492549167	1.887479305267334	0.40625	0.8809523809523809	-2.6455958381032465	0.004141400897161876	5.0	0.005	0.21325407822772446	0.03831015644400298	12.824765710099394	2.827690233132349	UNPASS
Myofibroblasts	Malignant	HMDB0001043	Arachidonic acid	TRPM2	Receptor	0.0017060204133135031	0.03412040826627006	0.0389216492549167	0.04383217170834541	0.40625	0.15476190476190477	-4.316567994121253	8.712336325593583e-06	1.0	0.001	0.0009237771042137113	0.011412983169964861	12.824765710099394	2.827690233132349	UNPASS
Myofibroblasts	Malignant	HMDB0001358	Retinal	RARG	Nuclear Receptor	0.0346961858854831	0.693923717709662	0.1427437754573475	0.2430661916732788	0.65625	0.44047619047619047	-4.617465249966892	2.195492590278705e-06	0.0	0.0	0.0002642163519615968	0.0	7.685416650739979	4.63262648148673	UNPASS
Myofibroblasts	Malignant	HMDB0001358	Retinal	RXRA	Nuclear Receptor	0.008662744933544882	0.17325489867089763	0.1427437754573475	0.06068737432360649	0.65625	0.2857142857142857	-3.458134475421476	0.0002834346352989011	0.0	0.0	0.021073194390717094	0.0	7.685416650739979	4.63262648148673	UNPASS
Myofibroblasts	Malignant	HMDB0015531	Iron	TFRC	Receptor	0.8109841238933098	1.3061151042478738	0.8610569946467876	0.9418472051620483	1.0	0.7619047619047619	-2.6391878354748113	0.004219945607994074	3.0	0.003	0.21628973710075935	0.026706578188113096	5.680315291925276	2.0676073128135335	UNPASS
Myofibroblasts	Myofibroblasts	HMDB0000122	D-Glucose	SLC2A3	Transporter	0.004446185306883252	0.08892370613766504	0.007468827036063885	0.5952990055084229	0.4375	0.53125	-2.486096260372473	0.006538910866238537	1.0	0.001	0.3089710486643033	0.011412983169964861	96.54443664674258	1.5550968872555333	UNPASS
Myofibroblasts	Myofibroblasts	HMDB0000122	D-Glucose	SLC2A4	Transporter	0.0032588527524963617	0.06517705504992723	0.007468827036063885	0.4363272488117218	0.4375	0.46875	-2.6014034732972284	0.004710801767307132	0.0	0.0	0.23615237779083925	0.0	96.54443664674258	1.5550968872555333	UNPASS
Myofibroblasts	Myofibroblasts	HMDB0000122	D-Glucose	SLC2A6	Transporter	0.00037426056611811784	0.007485211322362357	0.007468827036063885	0.050109684467315674	0.4375	0.25	-1.434690770256558	0.0758441005036096	0.0	0.0	0.9434021331269613	0.0	96.54443664674258	1.5550968872555333	UNPASS
Myofibroblasts	Myofibroblasts	HMDB0001043	Arachidonic acid	TRPC6	Receptor	0.010340790197972044	0.20681580395944088	0.0389216492549167	0.2656822204589844	0.40625	0.21875	-7.742417361787553	1.1921122165919321e-14	0.0	0.0	3.5198681763582837e-12	0.0	12.824765710099394	2.847694776832389	UNPASS
Myofibroblasts	Myofibroblasts	HMDB0001358	Retinal	RARB	Nuclear Receptor	0.02790361122096179	0.5580722244192358	0.1427437754573475	0.19548040628433228	0.65625	0.1875	-9.798454991869026	5.234199371654247e-22	0.0	0.0	2.563511454164949e-19	0.0	7.685416650739979	4.6568092880607646	UNPASS
Myofibroblasts	Myofibroblasts	HMDB0001358	Retinal	RXRB	Nuclear Receptor	0.015475964194265068	0.3095192838853013	0.1427437754573475	0.10841778665781021	0.65625	0.1875	-3.1876671737522226	0.0007394027938041867	6.0	0.006	0.04911576577573344	0.04359076995526254	7.685416650739979	4.6568092880607646	UNPASS
Myofibroblasts	Myofibroblasts	HMDB0001361	Carbon monoxide	GUCY1A1	Enzyme	0.2374478065726531	4.3403753676043655	0.33818577766942326	0.7021223902702332	0.53125	0.53125	-6.0196166850243085	1.22625057202283e-09	0.0	0.0	2.2724301140999648e-07	0.0	117.94020952626013	1.378404875209022	UNPASS
Myofibroblasts	Myofibroblasts	HMDB0001361	Carbon monoxide	GUCY1B1	Enzyme	0.30738480139335744	4.610503185161301	0.33818577766942326	0.9089229106903076	0.53125	0.59375	-7.294028895376276	3.058981882452696e-13	0.0	0.0	7.865407165256494e-11	0.0	117.94020952626013	1.378404875209022	UNPASS
